Treatment,Train_MSE,Test_MSE,Train_R2,Test_R2,CV_MSE,CV_Std,MSE_Ratio,R2_Diff
Saline,0.08367237851903644,0.0906668511137095,0.9998002468505535,0.9996929406752888,0.00023271123472897796,0.00013700180898162717,0.9228552386152579,0.00010730617526466535
Untreated,0.445316537735989,2.6347072960859714,0.9998736275208842,0.9993552127220651,0.00015754035716983888,7.481128458640975e-05,0.16901935877185886,0.000518414798819089
MNPS,0.1750223900123753,0.2985724865348005,0.9998518308779153,0.9997616819666112,0.00017955866469751978,7.205921753397789e-05,0.5861973152438322,9.014891130409985e-05
MNFDG,0.10538227049986344,0.08918600383512369,0.9973312618252912,0.9984818081558906,0.0031206043067105588,0.0007271627954919057,1.1816009908312681,-0.0011505463305994112
